Employee_ID,Age,Years_Experience,Department,Overtime,Job_Satisfaction,Monthly_Income_INR,Distance_From_Home_KM,Training_Count,Attrition
EMP0001,39,17,Finance,No,3,68795,24,3,No
EMP0002,37,3,Marketing,No,1,46219,8,6,No
EMP0003,27,0,Sales,No,3,20000,20,0,No
EMP0004,39,13,Sales,No,5,72305,13,0,No
EMP0005,41,7,Marketing,No,5,48873,26,6,No
EMP0006,38,9,IT,No,5,49800,25,0,No
EMP0007,25,1,Marketing,Yes,1,20559,35,0,Yes
EMP0008,44,7,Marketing,Yes,3,57500,35,1,No
EMP0009,41,13,Marketing,No,1,63268,31,2,No
EMP0010,42,7,Marketing,Yes,2,50788,31,4,Yes
EMP0011,45,17,Sales,No,3,90022,12,2,No
EMP0012,42,16,HR,No,2,74201,8,4,No
EMP0013,49,14,Sales,No,5,69976,2,1,No
EMP0014,55,19,IT,Yes,2,105213,28,1,No
EMP0015,41,15,Marketing,No,4,56601,35,4,No
EMP0016,31,3,IT,No,4,25728,5,0,No
EMP0017,48,18,IT,Yes,2,71738,1,6,Yes
EMP0018,46,13,Marketing,No,2,72404,31,3,No
EMP0019,32,2,Marketing,No,1,62646,35,4,Yes
EMP0020,39,6,IT,No,4,29854,10,6,No
EMP0021,38,3,Marketing,Yes,2,48521,3,2,No
EMP0022,48,20,Finance,No,5,112045,17,1,No
EMP0023,51,15,Finance,Yes,3,51345,17,4,Yes
EMP0024,54,19,HR,No,4,75294,6,2,No
EMP0025,43,5,Sales,No,1,40746,22,2,No
EMP0026,42,13,IT,No,1,57949,18,5,No
EMP0027,48,12,Sales,Yes,5,69538,11,3,No
EMP0028,53,15,Sales,No,2,93395,34,5,No
EMP0029,39,2,IT,No,1,38654,28,1,No
EMP0030,47,10,IT,Yes,1,56639,31,4,No
EMP0031,41,13,IT,No,5,76608,17,2,No
EMP0032,54,17,Sales,No,3,88422,14,5,No
EMP0033,41,13,Finance,No,4,54592,12,1,No
EMP0034,46,9,HR,No,2,48175,4,3,No
EMP0035,44,9,Sales,Yes,5,61014,32,1,No
EMP0036,30,7,Finance,No,2,47378,22,5,No
EMP0037,26,3,Finance,No,1,37670,17,0,Yes
EMP0038,37,5,Sales,No,1,51681,26,0,No
EMP0039,28,3,HR,Yes,4,20000,8,3,No
EMP0040,38,4,Marketing,Yes,4,55180,32,0,Yes
EMP0041,52,17,IT,Yes,1,61308,32,6,Yes
EMP0042,41,11,HR,Yes,4,62740,27,3,No
EMP0043,36,1,Finance,No,4,28437,6,0,No
EMP0044,39,9,Sales,No,3,53644,32,5,No
EMP0045,36,5,Finance,No,4,43253,11,1,No
EMP0046,37,13,Finance,No,1,63045,26,6,Yes
EMP0047,48,17,Finance,No,5,75425,13,5,No
EMP0048,23,0,Sales,Yes,4,21733,13,3,Yes
EMP0049,41,9,Finance,Yes,1,57456,19,6,No
EMP0050,44,9,Finance,Yes,5,47118,35,3,No
EMP0051,54,20,Sales,Yes,5,98798,18,0,No
EMP0052,30,7,IT,Yes,5,37769,10,6,Yes
EMP0053,38,3,Marketing,No,2,26682,35,3,No
EMP0054,38,4,Sales,Yes,5,34428,17,6,No
EMP0055,33,10,IT,Yes,3,64265,22,5,No
EMP0056,34,12,IT,No,5,62364,22,3,No
EMP0057,38,6,Sales,Yes,5,49186,29,0,Yes
EMP0058,37,9,HR,No,4,74623,22,2,No
EMP0059,42,13,Sales,No,1,63953,4,1,Yes
EMP0060,27,6,Sales,No,1,60086,24,1,No
EMP0061,45,20,IT,No,4,78991,13,5,No
EMP0062,36,4,Marketing,No,5,45020,21,2,No
EMP0063,51,19,IT,Yes,1,88935,7,4,No
EMP0064,44,18,Marketing,No,2,112957,5,0,No
EMP0065,47,20,IT,No,1,88738,15,6,No
EMP0066,45,16,Sales,No,2,70447,29,0,No
EMP0067,38,11,Finance,Yes,4,75074,32,2,Yes
EMP0068,38,12,HR,Yes,5,70966,25,3,No
EMP0069,30,4,Finance,No,2,38137,8,0,No
EMP0070,37,7,IT,Yes,5,20000,6,3,No
EMP0071,39,9,Marketing,No,3,59949,8,2,No
EMP0072,51,19,HR,No,2,89904,23,2,No
EMP0073,41,16,Marketing,Yes,4,81402,27,2,Yes
EMP0074,35,11,Marketing,No,5,53013,9,3,No
EMP0075,38,12,Finance,Yes,2,81614,5,0,Yes
EMP0076,43,9,Finance,No,1,54964,19,2,Yes
EMP0077,44,8,Marketing,No,2,48573,22,1,No
EMP0078,53,18,Finance,No,2,68802,17,6,No
EMP0079,28,0,HR,Yes,2,20308,30,0,No
EMP0080,43,6,Sales,Yes,1,31144,7,0,Yes
EMP0081,39,8,Sales,No,2,67862,28,6,No
EMP0082,41,14,HR,No,4,76021,15,1,No
EMP0083,39,8,HR,No,5,44170,12,2,No
EMP0084,42,6,IT,Yes,1,42037,11,5,Yes
EMP0085,29,1,IT,No,1,43628,16,5,No
EMP0086,27,5,Sales,No,3,42295,26,2,No
EMP0087,28,2,IT,Yes,4,29656,33,1,No
EMP0088,52,14,HR,No,3,95294,2,1,No
EMP0089,37,8,Marketing,No,4,55858,24,0,No
EMP0090,28,4,IT,No,2,47866,12,5,No
EMP0091,47,11,Finance,Yes,1,57987,19,6,No
EMP0092,37,10,Sales,No,4,54036,1,6,No
EMP0093,35,9,Finance,Yes,5,65130,4,3,No
EMP0094,34,12,IT,Yes,4,65233,23,0,Yes
EMP0095,51,13,HR,No,5,73710,4,2,No
EMP0096,39,3,Sales,No,2,32624,33,6,Yes
EMP0097,31,3,Finance,Yes,4,33403,24,6,Yes
EMP0098,44,15,IT,No,2,75001,19,2,No
EMP0099,45,20,Sales,No,3,78821,32,0,No
EMP0100,49,11,Marketing,No,5,77850,33,5,No
EMP0101,46,9,Finance,No,3,47809,25,2,No
EMP0102,36,13,IT,No,4,55042,22,5,No
EMP0103,25,0,Finance,No,5,23566,11,3,No
EMP0104,44,7,IT,Yes,5,39924,29,2,No
EMP0105,31,7,IT,No,3,62932,4,6,No
EMP0106,35,8,IT,Yes,1,59086,18,3,Yes
EMP0107,50,15,Finance,Yes,2,69556,22,1,No
EMP0108,35,10,Finance,Yes,5,47981,31,2,No
EMP0109,53,17,Marketing,No,5,91520,15,2,No
EMP0110,41,9,Finance,Yes,5,46648,4,3,No
EMP0111,24,0,Marketing,Yes,1,20000,5,5,Yes
EMP0112,35,14,Marketing,No,5,53065,17,1,No
EMP0113,40,16,Sales,Yes,3,88677,18,2,No
EMP0114,42,12,HR,No,3,47065,11,2,No
EMP0115,57,19,Marketing,No,3,76835,3,4,No
EMP0116,37,8,Sales,Yes,4,59661,10,0,Yes
EMP0117,39,16,IT,No,4,89832,25,1,No
EMP0118,21,0,Marketing,Yes,3,20000,21,0,No
EMP0119,24,0,IT,No,1,20000,7,3,No
EMP0120,44,16,HR,Yes,5,91861,5,5,No
EMP0121,46,18,Marketing,Yes,2,89889,34,2,Yes
EMP0122,36,10,Finance,No,2,53008,32,3,No
EMP0123,47,15,HR,No,1,77970,20,3,No
EMP0124,31,6,Sales,No,4,49170,12,1,No
EMP0125,40,15,IT,No,4,63349,24,2,No
EMP0126,47,10,HR,No,1,46362,3,0,No
EMP0127,36,6,Finance,No,4,57523,11,5,No
EMP0128,32,1,HR,No,2,47217,9,3,Yes
EMP0129,34,3,Finance,No,4,44238,13,1,No
EMP0130,41,18,Marketing,No,3,85119,13,4,No
EMP0131,40,9,HR,Yes,3,46827,35,3,Yes
EMP0132,54,20,Finance,No,1,95292,15,1,No
EMP0133,28,7,Finance,No,2,60411,21,6,No
EMP0134,28,1,HR,Yes,2,41315,1,2,Yes
EMP0135,31,5,IT,Yes,3,40494,2,2,No
EMP0136,38,7,Finance,Yes,4,52626,7,4,No
EMP0137,51,14,Finance,No,3,55700,15,1,No
EMP0138,42,15,Marketing,Yes,4,74992,19,4,No
EMP0139,37,15,IT,No,3,94152,32,6,No
EMP0140,38,6,Sales,Yes,5,42540,10,1,No
EMP0141,33,7,IT,Yes,1,53307,22,5,Yes
EMP0142,44,11,Sales,Yes,5,72991,13,3,No
EMP0143,35,12,Sales,Yes,1,75642,18,6,Yes
EMP0144,34,8,IT,No,2,52603,24,3,No
EMP0145,30,3,Marketing,No,4,26696,31,3,No
EMP0146,51,16,Finance,No,4,54284,27,2,No
EMP0147,40,10,Sales,No,4,44719,9,5,No
EMP0148,52,20,Finance,No,1,90920,19,5,No
EMP0149,52,19,IT,No,1,99610,13,1,No
EMP0150,49,18,IT,No,4,89878,15,4,No
EMP0151,56,20,Finance,No,4,108339,28,4,No
EMP0152,37,13,Finance,No,1,54817,15,3,No
EMP0153,38,6,Finance,No,2,22914,16,3,No
EMP0154,28,3,Sales,Yes,1,40626,11,3,Yes
EMP0155,33,2,IT,Yes,5,51162,15,0,No
EMP0156,47,19,Sales,No,5,93391,35,6,No
EMP0157,42,5,Finance,Yes,1,34067,13,2,Yes
EMP0158,21,0,Finance,No,4,33243,5,1,No
EMP0159,30,0,Marketing,No,1,39498,1,1,No
EMP0160,27,6,Marketing,Yes,2,29689,29,5,Yes
EMP0161,47,20,IT,No,4,90530,5,3,No
EMP0162,37,5,Finance,Yes,4,52717,11,3,No
EMP0163,27,2,Marketing,No,5,32796,3,3,No
EMP0164,40,14,IT,No,2,63506,31,2,Yes
EMP0165,34,1,IT,No,3,22685,3,2,No
EMP0166,43,10,IT,Yes,3,48072,33,5,No
EMP0167,33,1,Finance,Yes,2,20000,23,6,No
EMP0168,23,1,Finance,Yes,4,30005,22,5,Yes
EMP0169,34,7,IT,No,3,32351,15,0,No
EMP0170,34,0,Marketing,Yes,1,21203,30,4,Yes
EMP0171,53,17,IT,No,3,72631,6,2,No
EMP0172,36,12,Finance,No,2,70976,31,6,No
EMP0173,47,19,IT,Yes,5,86699,35,3,No
EMP0174,46,10,Finance,Yes,2,55451,12,1,No
EMP0175,34,11,IT,No,5,43678,23,4,No
EMP0176,49,12,HR,No,4,68479,4,0,No
EMP0177,36,9,Sales,No,3,49618,7,4,No
EMP0178,44,11,HR,No,2,52487,34,4,No
EMP0179,40,12,Marketing,No,5,70607,19,6,No
EMP0180,46,18,Sales,Yes,4,98015,26,3,No
EMP0181,33,6,Marketing,No,5,64087,19,6,No
EMP0182,40,19,Sales,Yes,4,93063,31,0,No
EMP0183,40,3,Sales,No,3,35936,11,3,No
EMP0184,37,3,IT,Yes,2,21962,1,5,Yes
EMP0185,42,5,IT,No,3,32329,25,5,No
EMP0186,50,19,IT,Yes,2,104699,28,6,No
EMP0187,43,5,Finance,Yes,2,35078,29,1,Yes
EMP0188,38,16,IT,No,1,101700,28,3,Yes
EMP0189,39,12,HR,No,3,50945,3,0,No
EMP0190,44,13,HR,No,3,67529,26,2,No
EMP0191,30,1,HR,No,1,23964,24,4,Yes
EMP0192,34,13,Sales,No,3,61457,35,0,No
EMP0193,23,1,IT,No,3,22654,14,4,No
EMP0194,40,11,IT,No,4,60036,33,6,No
EMP0195,51,16,Finance,Yes,5,82374,18,5,No
EMP0196,51,19,Marketing,No,3,90119,32,6,No
EMP0197,46,20,Sales,Yes,5,107171,17,4,No
EMP0198,39,4,Sales,No,5,66985,13,4,No
EMP0199,53,16,Finance,Yes,1,89314,26,0,No
EMP0200,38,12,IT,No,5,70793,7,2,No
EMP0201,52,15,HR,Yes,1,65008,20,5,Yes
EMP0202,42,17,Marketing,No,1,77543,16,1,No
EMP0203,40,9,Sales,No,1,34963,27,1,No
EMP0204,28,2,IT,No,3,35894,1,2,Yes
EMP0205,49,16,Sales,No,1,62790,30,5,No
EMP0206,34,12,HR,Yes,4,74291,22,1,No
EMP0207,23,2,Marketing,No,4,21085,26,5,No
EMP0208,45,8,Finance,Yes,3,56053,12,6,No
EMP0209,27,3,Sales,No,1,40003,8,1,No
EMP0210,52,16,Sales,Yes,2,57973,1,0,Yes
EMP0211,40,7,HR,Yes,3,38657,33,1,No
EMP0212,32,1,HR,No,1,30887,33,0,Yes
EMP0213,39,5,IT,No,4,46735,4,4,No
EMP0214,34,12,HR,No,4,75783,15,0,No
EMP0215,33,12,Finance,Yes,4,62093,32,3,No
EMP0216,39,17,IT,Yes,1,83087,31,3,No
EMP0217,28,7,Finance,Yes,3,69616,20,6,Yes
EMP0218,50,13,IT,Yes,3,72191,20,3,No
EMP0219,48,19,IT,Yes,2,101268,4,1,No
EMP0220,29,6,HR,Yes,5,41441,14,2,No
EMP0221,26,0,Finance,Yes,2,20000,7,5,Yes
EMP0222,36,13,HR,Yes,4,75397,8,2,No
EMP0223,49,12,HR,No,4,72746,8,6,No
EMP0224,42,7,IT,No,1,59516,26,1,Yes
EMP0225,32,11,HR,No,1,51809,6,2,Yes
EMP0226,40,14,Sales,No,5,64920,7,3,No
EMP0227,49,17,IT,Yes,2,58271,10,0,No
EMP0228,30,2,Finance,No,4,36929,33,0,Yes
EMP0229,34,9,IT,No,3,65160,18,1,No
EMP0230,33,5,Sales,No,4,32937,30,6,No
EMP0231,35,7,Sales,No,3,42911,20,1,No
EMP0232,33,0,HR,No,2,20419,20,6,No
EMP0233,38,8,Marketing,No,1,70884,9,0,No
EMP0234,30,1,Finance,Yes,5,37484,26,2,No
EMP0235,51,19,IT,No,4,105080,34,1,No
EMP0236,46,11,IT,Yes,4,60834,9,5,No
EMP0237,30,8,Sales,Yes,3,46464,5,1,No
EMP0238,33,4,Sales,No,2,50612,18,2,Yes
EMP0239,53,19,Finance,No,2,71504,33,2,No
EMP0240,36,10,Sales,Yes,2,65151,27,1,Yes
EMP0241,56,20,Sales,Yes,5,79405,34,2,No
EMP0242,37,13,HR,No,1,79220,10,0,No
EMP0243,41,20,Sales,Yes,3,101092,20,3,Yes
EMP0244,52,18,Finance,No,1,77132,14,3,Yes
EMP0245,49,15,Finance,Yes,1,79618,24,3,Yes
EMP0246,31,7,Finance,No,1,34588,34,0,Yes
EMP0247,54,16,Marketing,No,4,68002,27,4,No
EMP0248,37,6,HR,No,1,39851,16,5,Yes
EMP0249,39,18,HR,Yes,1,78636,5,2,No
EMP0250,37,6,Finance,Yes,5,56427,5,5,No
EMP0251,28,1,HR,Yes,4,51605,15,2,Yes
EMP0252,40,2,Marketing,Yes,4,30208,12,6,No
EMP0253,34,9,Sales,Yes,5,55303,32,4,No
EMP0254,35,13,Sales,No,3,78696,8,6,Yes
EMP0255,42,6,IT,No,3,40704,3,4,No
EMP0256,41,17,Marketing,Yes,3,89533,1,2,No
EMP0257,31,5,IT,Yes,5,20000,31,6,No
EMP0258,41,9,Marketing,Yes,5,46966,34,5,No
EMP0259,33,7,Sales,No,2,29576,8,1,No
EMP0260,37,11,Marketing,Yes,2,39534,15,4,Yes
EMP0261,32,3,IT,Yes,4,45067,10,5,No
EMP0262,43,20,IT,No,3,91229,16,1,No
EMP0263,49,19,Finance,Yes,1,110070,1,0,No
EMP0264,51,14,Sales,No,1,91305,2,3,No
EMP0265,49,11,Sales,Yes,1,61679,13,5,No
EMP0266,49,15,IT,No,1,71836,13,1,No
EMP0267,40,9,IT,Yes,4,46171,1,4,No
EMP0268,43,18,Finance,Yes,1,58342,4,0,Yes
EMP0269,37,1,HR,No,4,20016,28,2,No
EMP0270,26,4,Finance,Yes,3,33932,3,5,No
EMP0271,42,9,Sales,No,5,47138,5,0,No
EMP0272,49,13,Sales,No,3,57956,20,4,No
EMP0273,43,14,Marketing,Yes,5,72163,29,2,No
EMP0274,46,15,Marketing,No,3,72360,32,2,No
EMP0275,54,19,HR,No,5,92825,15,1,No
EMP0276,54,17,HR,Yes,4,72145,9,4,No
EMP0277,40,19,IT,No,4,113741,26,5,Yes
EMP0278,37,7,Sales,Yes,1,54467,19,1,Yes
EMP0279,42,14,HR,Yes,3,71235,6,4,No
EMP0280,39,14,Sales,Yes,3,63774,15,3,No
EMP0281,48,12,IT,No,2,54348,18,5,No
EMP0282,35,12,Finance,No,5,75414,23,2,No
EMP0283,38,11,IT,No,1,57440,10,6,Yes
EMP0284,36,8,Marketing,No,4,52144,33,0,No
EMP0285,27,2,IT,No,3,34903,28,1,No
EMP0286,35,2,Finance,Yes,4,23435,6,5,Yes
EMP0287,32,0,Sales,No,4,25812,10,6,No
EMP0288,28,7,Finance,Yes,3,25650,22,6,No
EMP0289,30,7,Sales,Yes,3,36391,29,6,No
EMP0290,48,20,Sales,No,1,71577,31,2,No
EMP0291,41,5,HR,No,5,35820,20,4,No
EMP0292,32,4,Marketing,No,5,32024,21,1,No
EMP0293,28,0,HR,Yes,5,43748,12,6,No
EMP0294,35,2,IT,No,2,20488,12,0,No
EMP0295,48,13,IT,No,4,71196,10,1,No
EMP0296,31,7,IT,No,1,52833,3,3,Yes
EMP0297,46,13,Sales,No,3,86142,22,6,No
EMP0298,38,2,IT,Yes,3,35260,19,5,No
EMP0299,53,16,Marketing,Yes,1,89117,14,0,No
EMP0300,31,5,IT,No,1,62050,19,1,No
EMP0301,35,1,Sales,No,5,20000,21,3,No
EMP0302,54,19,IT,Yes,2,84039,14,6,Yes
EMP0303,30,7,IT,Yes,4,43235,18,0,No
EMP0304,41,6,Sales,No,3,43349,12,4,No
EMP0305,38,1,Sales,Yes,2,20000,34,2,Yes
EMP0306,48,12,IT,No,1,78523,3,6,No
EMP0307,41,5,Finance,No,1,33106,10,1,No
EMP0308,30,5,Marketing,No,5,32714,13,6,No
EMP0309,43,14,IT,Yes,4,78434,30,5,Yes
EMP0310,50,14,IT,No,2,64035,20,4,No
EMP0311,25,3,Finance,No,3,20727,3,2,No
EMP0312,27,2,Sales,No,3,20000,34,1,Yes
EMP0313,29,5,IT,Yes,4,38846,13,3,Yes
EMP0314,44,16,IT,No,4,92208,30,4,No
EMP0315,28,5,Marketing,No,4,49935,10,4,No
EMP0316,32,8,Finance,No,3,56581,12,2,No
EMP0317,40,2,Sales,Yes,4,31004,31,1,Yes
EMP0318,32,3,IT,No,5,26526,30,3,No
EMP0319,48,13,Marketing,No,1,68049,1,5,No
EMP0320,37,15,Sales,No,4,61726,16,2,No
EMP0321,39,18,Sales,No,3,89063,15,0,No
EMP0322,49,11,Finance,No,4,73955,11,0,No
EMP0323,43,5,Finance,Yes,3,20943,19,1,Yes
EMP0324,30,9,IT,Yes,3,70579,17,2,No
EMP0325,28,3,HR,No,4,20000,18,3,No
EMP0326,34,5,Sales,No,4,31082,12,0,No
EMP0327,42,10,Marketing,Yes,3,45461,12,2,Yes
EMP0328,52,16,IT,No,1,71354,11,6,No
EMP0329,26,5,IT,No,1,36085,30,2,Yes
EMP0330,30,7,HR,No,5,62549,29,1,No
EMP0331,21,0,Marketing,Yes,5,20000,15,2,Yes
EMP0332,31,0,HR,Yes,2,20000,21,0,Yes
EMP0333,41,11,HR,Yes,5,53018,20,2,No
EMP0334,50,20,IT,Yes,1,87687,35,2,Yes
EMP0335,36,12,IT,Yes,5,57806,1,0,No
EMP0336,34,0,Finance,Yes,2,20000,24,5,No
EMP0337,49,12,IT,No,2,68497,18,0,No
EMP0338,35,2,Marketing,No,2,27855,34,6,No
EMP0339,52,14,Marketing,Yes,4,84537,24,2,No
EMP0340,44,9,HR,No,5,69439,19,2,No
EMP0341,29,7,IT,No,1,28762,11,1,No
EMP0342,39,4,Marketing,Yes,2,55504,20,2,Yes
EMP0343,35,3,Finance,No,2,39183,31,1,Yes
EMP0344,38,7,Finance,Yes,2,62643,35,0,Yes
EMP0345,33,9,IT,Yes,2,53555,6,0,Yes
EMP0346,38,11,HR,No,5,69620,31,6,No
EMP0347,41,14,Finance,Yes,5,79414,2,0,No
EMP0348,42,20,IT,No,5,110381,11,0,No
EMP0349,27,0,IT,No,5,20000,33,4,No
EMP0350,42,19,Sales,No,3,83476,14,0,No
EMP0351,40,11,Finance,Yes,4,58883,33,5,No
EMP0352,37,1,IT,No,5,42149,27,0,No
EMP0353,52,18,Finance,No,3,105448,16,5,No
EMP0354,42,17,HR,No,1,70204,19,4,No
EMP0355,37,6,Finance,Yes,5,50432,25,6,No
EMP0356,40,3,IT,Yes,4,32878,2,1,Yes
EMP0357,44,6,Marketing,Yes,5,41262,6,5,No
EMP0358,43,17,IT,No,1,90145,35,5,No
EMP0359,45,19,Finance,Yes,5,113221,14,5,No
EMP0360,28,6,IT,Yes,1,51237,19,5,Yes
EMP0361,43,9,Finance,No,4,49517,20,5,No
EMP0362,41,15,IT,No,5,69089,8,5,No
EMP0363,30,3,Sales,No,5,39513,14,2,No
EMP0364,42,15,Marketing,Yes,5,79828,25,1,No
EMP0365,26,4,Sales,Yes,5,50720,2,2,No
EMP0366,39,17,Sales,No,4,100737,29,4,No
EMP0367,33,2,HR,No,4,33021,25,2,No
EMP0368,48,20,IT,Yes,3,102132,13,6,No
EMP0369,41,15,Finance,Yes,3,96924,3,5,No
EMP0370,40,5,Marketing,No,5,56456,25,5,No
EMP0371,40,16,Sales,Yes,3,69677,29,2,No
EMP0372,41,13,Finance,No,3,52551,10,1,No
EMP0373,35,9,IT,No,2,38935,25,6,No
EMP0374,44,15,Sales,Yes,3,55844,28,0,No
EMP0375,37,14,IT,No,5,77964,24,5,No
EMP0376,39,1,IT,No,1,20000,17,3,No
EMP0377,30,4,HR,Yes,4,45478,12,4,No
EMP0378,37,13,IT,No,3,59840,11,1,No
EMP0379,41,8,Marketing,Yes,4,63136,34,0,No
EMP0380,36,6,Finance,Yes,1,52050,1,0,Yes
EMP0381,45,11,IT,No,1,64348,35,3,Yes
EMP0382,41,3,HR,No,2,39061,12,1,Yes
EMP0383,53,20,IT,No,3,79338,22,4,No
EMP0384,40,11,HR,Yes,2,32757,3,2,Yes
EMP0385,26,0,Finance,Yes,3,20000,3,0,No
EMP0386,40,9,Finance,No,4,60314,14,4,No
EMP0387,52,15,IT,No,1,60872,14,6,No
EMP0388,42,12,IT,No,4,73552,21,1,No
EMP0389,40,10,HR,Yes,2,65681,22,5,No
EMP0390,36,13,IT,Yes,5,70718,25,1,No
EMP0391,28,0,Marketing,Yes,5,25602,19,6,No
EMP0392,43,10,HR,No,5,57349,14,1,No
EMP0393,43,8,HR,Yes,1,52967,22,0,Yes
EMP0394,56,19,Finance,Yes,1,75585,21,5,Yes
EMP0395,44,12,Marketing,No,5,78280,22,0,No
EMP0396,40,3,Sales,Yes,5,37336,18,1,Yes
EMP0397,39,17,HR,No,2,90066,14,1,No
EMP0398,37,6,IT,No,5,34983,27,0,No
EMP0399,45,20,Marketing,Yes,3,76515,10,2,Yes
EMP0400,34,7,Marketing,No,2,62374,21,5,No
EMP0401,55,17,IT,Yes,1,65863,20,6,Yes
EMP0402,49,16,Sales,No,3,75969,16,4,No
EMP0403,43,15,Marketing,No,4,75019,17,3,No
EMP0404,51,13,HR,Yes,1,72152,23,0,Yes
EMP0405,28,0,IT,No,2,26283,17,0,No
EMP0406,42,4,Sales,Yes,2,36533,11,2,Yes
EMP0407,44,18,HR,No,1,69965,8,3,No
EMP0408,41,15,HR,Yes,2,73045,32,6,Yes
EMP0409,41,9,IT,No,1,53675,31,0,No
EMP0410,53,16,Sales,No,3,86411,32,1,No
EMP0411,35,13,Finance,Yes,5,72022,5,4,No
EMP0412,50,16,Finance,No,1,93592,9,5,No
EMP0413,39,11,Finance,No,4,72058,9,0,No
EMP0414,37,1,Finance,Yes,5,20000,25,3,Yes
EMP0415,43,8,HR,No,1,51976,31,6,No
EMP0416,28,4,Finance,No,5,42073,5,5,No
EMP0417,51,18,Sales,No,5,81086,24,6,No
EMP0418,56,18,IT,No,2,105311,23,2,No
EMP0419,27,4,IT,Yes,1,30174,19,6,Yes
EMP0420,52,18,HR,Yes,5,71672,35,2,No
EMP0421,28,6,IT,No,1,22671,7,0,Yes
EMP0422,27,4,Finance,No,3,31186,24,0,No
EMP0423,30,5,IT,No,2,34845,6,4,No
EMP0424,41,11,Finance,No,2,57503,19,4,No
EMP0425,40,5,Sales,Yes,3,20000,15,4,No
EMP0426,28,5,IT,No,3,40614,13,6,No
EMP0427,35,14,Sales,No,1,86707,23,0,No
EMP0428,42,8,IT,Yes,1,43594,35,2,No
EMP0429,40,14,IT,No,5,80209,24,1,No
EMP0430,31,0,IT,No,4,20000,14,2,Yes
EMP0431,30,2,Marketing,Yes,4,20000,32,6,No
EMP0432,36,5,Sales,Yes,5,56822,14,5,No
EMP0433,33,7,Sales,Yes,1,56613,23,2,Yes
EMP0434,41,5,IT,No,1,51396,18,4,Yes
EMP0435,31,8,IT,No,3,79637,7,5,No
EMP0436,53,19,HR,No,1,91293,27,5,No
EMP0437,37,9,Sales,No,2,55102,34,6,No
EMP0438,34,12,IT,No,2,67848,4,1,No
EMP0439,53,16,IT,Yes,1,97825,35,3,Yes
EMP0440,37,3,Finance,No,1,45136,10,5,Yes
EMP0441,26,3,Marketing,No,5,23099,19,3,Yes
EMP0442,38,8,Sales,No,1,41928,21,6,No
EMP0443,36,13,Sales,No,2,74295,12,5,No
EMP0444,34,10,IT,No,4,65080,7,4,No
EMP0445,28,2,IT,Yes,2,35835,29,6,Yes
EMP0446,40,13,IT,No,2,76395,19,0,No
EMP0447,57,19,Finance,No,2,89110,2,6,No
EMP0448,41,11,IT,No,4,70000,23,3,No
EMP0449,46,18,Finance,No,5,95535,17,5,No
EMP0450,44,8,IT,Yes,2,41066,9,3,Yes
EMP0451,29,8,Sales,Yes,5,36708,33,0,No
EMP0452,42,6,Finance,No,3,47443,10,6,No
EMP0453,31,10,Sales,No,4,54090,19,4,No
EMP0454,34,12,Marketing,No,4,48924,23,3,No
EMP0455,23,2,Finance,No,3,39493,15,3,No
EMP0456,48,20,HR,No,5,100061,16,3,No
EMP0457,41,3,Sales,No,1,50536,1,1,Yes
EMP0458,47,11,IT,No,3,61959,14,3,No
EMP0459,28,6,HR,Yes,2,45507,32,6,No
EMP0460,49,18,IT,No,2,70475,33,1,No
EMP0461,50,13,Marketing,Yes,2,86728,23,1,No
EMP0462,36,0,Marketing,No,4,30398,22,6,No
EMP0463,26,0,Sales,No,4,33722,35,6,Yes
EMP0464,35,4,HR,Yes,2,34381,8,4,No
EMP0465,44,17,Finance,Yes,2,83462,23,4,No
EMP0466,43,18,Sales,No,2,91701,8,4,No
EMP0467,47,11,IT,Yes,5,53457,18,1,No
EMP0468,41,11,Sales,Yes,1,53213,21,4,Yes
EMP0469,42,13,Sales,Yes,5,93707,1,2,No
EMP0470,40,10,Finance,No,2,63035,21,1,No
EMP0471,34,10,HR,No,4,50624,27,0,No
EMP0472,44,7,IT,Yes,3,31009,7,4,No
EMP0473,41,10,Marketing,Yes,1,44756,31,3,No
EMP0474,33,6,IT,Yes,4,48421,4,1,No
EMP0475,46,15,IT,No,3,65365,33,0,No
EMP0476,39,14,IT,Yes,5,60252,11,0,No
EMP0477,44,15,Sales,No,2,74328,11,3,No
EMP0478,41,7,Marketing,No,2,52356,32,3,No
EMP0479,43,8,HR,No,2,67050,12,6,Yes
EMP0480,37,9,Sales,Yes,4,45377,28,3,Yes
EMP0481,45,12,Finance,Yes,1,57652,20,6,Yes
EMP0482,45,16,Marketing,Yes,4,84851,32,3,No
EMP0483,22,0,HR,No,2,20000,9,3,No
EMP0484,57,19,Finance,Yes,5,101267,24,6,No
EMP0485,54,18,Marketing,Yes,3,81996,10,0,Yes
EMP0486,53,20,IT,No,5,78835,29,2,No
EMP0487,26,5,HR,No,5,32244,17,1,No
EMP0488,43,10,HR,No,3,40137,35,5,No
EMP0489,36,11,Sales,No,2,56012,29,4,No
EMP0490,39,2,IT,Yes,3,35751,28,2,No
EMP0491,29,7,IT,No,2,48598,9,2,No
EMP0492,33,0,Marketing,No,5,21367,10,5,No
EMP0493,30,2,Marketing,Yes,5,20000,2,2,No
EMP0494,48,10,IT,No,1,49638,3,4,No
EMP0495,41,6,Finance,No,2,39704,2,4,No
EMP0496,33,1,Finance,No,4,29321,28,3,No
EMP0497,47,17,Sales,No,5,114286,28,5,No
EMP0498,33,2,Sales,No,5,21709,34,2,No
EMP0499,36,4,Sales,Yes,3,48442,2,4,Yes
EMP0500,30,4,Finance,No,5,23274,12,3,No
EMP0501,40,10,Sales,No,4,46278,34,2,No
EMP0502,45,20,HR,Yes,1,71036,23,3,No
EMP0503,25,0,Finance,No,5,20000,2,1,No
EMP0504,33,3,Marketing,No,4,46009,8,5,No
EMP0505,38,6,HR,No,5,43996,23,6,Yes
EMP0506,24,2,IT,No,3,44495,23,1,No
EMP0507,38,0,IT,No,2,20000,28,2,No
EMP0508,43,19,HR,No,1,103838,3,2,No
EMP0509,34,4,IT,Yes,1,30369,6,5,Yes
EMP0510,46,13,Sales,Yes,4,80076,5,5,No
EMP0511,43,18,IT,No,4,107043,11,3,No
EMP0512,48,15,IT,No,3,73886,30,2,No
EMP0513,30,0,IT,No,4,20000,32,5,Yes
EMP0514,28,7,IT,No,3,69875,22,4,No
EMP0515,37,1,IT,Yes,2,20000,29,0,Yes
EMP0516,42,19,Marketing,No,2,84237,26,6,No
EMP0517,32,9,Sales,Yes,1,51296,22,0,Yes
EMP0518,52,20,Marketing,No,2,105600,13,3,No
EMP0519,32,8,IT,No,5,59696,4,5,No
EMP0520,39,11,HR,No,5,70089,31,5,No
EMP0521,22,1,Sales,No,3,22944,32,0,Yes
EMP0522,51,20,HR,Yes,5,92312,11,0,No
EMP0523,54,18,Finance,No,2,97301,1,5,No
EMP0524,33,10,Sales,Yes,1,78641,5,4,Yes
EMP0525,35,4,HR,Yes,1,22080,14,0,No
EMP0526,45,9,IT,No,3,70117,6,4,No
EMP0527,33,9,Finance,No,4,66686,2,5,No
EMP0528,41,16,Sales,Yes,1,88263,5,3,No
EMP0529,35,6,IT,No,5,35996,1,3,No
EMP0530,40,13,IT,Yes,1,70783,25,0,No
EMP0531,39,17,IT,Yes,1,88690,11,2,No
EMP0532,33,4,Finance,No,1,29559,35,1,Yes
EMP0533,53,16,Sales,No,4,94637,27,1,No
EMP0534,41,10,Sales,Yes,4,53251,19,4,No
EMP0535,30,4,HR,Yes,2,55779,7,0,No
EMP0536,38,0,Sales,No,4,20000,10,0,No
EMP0537,40,18,Marketing,No,1,71265,32,5,No
EMP0538,42,18,Finance,No,3,65004,1,3,No
EMP0539,39,1,HR,No,2,35107,2,5,Yes
EMP0540,34,11,IT,Yes,1,51686,28,3,Yes
EMP0541,36,1,Sales,No,4,20000,27,2,No
EMP0542,23,0,Sales,Yes,1,33886,7,6,No
EMP0543,26,1,Finance,No,1,47385,29,5,No
EMP0544,53,19,IT,Yes,1,82282,25,6,No
EMP0545,42,10,IT,No,1,75311,19,2,No
EMP0546,47,20,Finance,No,5,101408,10,4,No
EMP0547,41,16,Sales,Yes,2,80351,17,0,No
EMP0548,52,15,IT,Yes,2,62529,28,6,Yes
EMP0549,31,2,IT,No,4,20000,17,2,No
EMP0550,31,9,IT,No,1,56042,22,4,No
EMP0551,46,11,Sales,No,2,64078,20,0,No
EMP0552,42,12,Sales,Yes,5,57772,16,3,Yes
EMP0553,26,2,Marketing,No,5,20000,26,4,No
EMP0554,34,0,HR,No,5,20000,10,2,No
EMP0555,42,12,IT,Yes,2,70338,12,2,No
EMP0556,32,2,HR,No,3,38180,21,5,No
EMP0557,55,19,IT,No,3,99918,33,6,No
EMP0558,34,6,Finance,No,2,51850,25,1,No
EMP0559,40,19,IT,Yes,1,84747,4,6,No
EMP0560,43,8,HR,No,2,70891,2,1,No
EMP0561,32,8,Marketing,Yes,1,39569,23,3,Yes
EMP0562,45,15,Marketing,No,3,83715,11,4,No
EMP0563,46,18,HR,No,5,82852,2,6,No
EMP0564,40,3,IT,Yes,2,20263,27,5,No
EMP0565,30,9,IT,No,1,47510,12,6,No
EMP0566,27,2,IT,No,2,36635,10,0,No
EMP0567,41,14,IT,No,4,86345,19,5,No
EMP0568,45,14,IT,No,5,77168,26,6,No
EMP0569,26,2,Marketing,No,5,20000,5,0,No
EMP0570,50,18,IT,No,1,96519,15,5,No
EMP0571,44,20,Sales,No,1,69372,27,0,No
EMP0572,55,18,Finance,No,1,110838,24,1,No
EMP0573,53,16,Finance,Yes,2,83105,4,2,No
EMP0574,37,15,Sales,No,1,78669,33,5,No
EMP0575,36,5,Sales,No,3,52966,7,4,No
EMP0576,55,20,HR,Yes,1,91506,6,1,No
EMP0577,33,6,Finance,Yes,5,41415,2,3,No
EMP0578,43,10,IT,No,1,54324,33,5,No
EMP0579,49,14,Finance,No,3,74855,8,1,No
EMP0580,52,16,IT,No,5,81509,32,2,No
EMP0581,37,6,HR,No,3,47252,21,6,Yes
EMP0582,39,8,Marketing,Yes,5,20000,18,1,Yes
EMP0583,32,9,IT,No,2,54173,32,2,No
EMP0584,36,7,Finance,Yes,5,28932,2,2,No
EMP0585,40,6,Sales,Yes,1,77274,30,4,Yes
EMP0586,54,19,IT,No,2,100877,29,4,No
EMP0587,32,5,Sales,No,4,52107,33,3,Yes
EMP0588,35,9,IT,Yes,5,61013,21,4,No
EMP0589,36,3,Sales,Yes,5,41774,35,4,No
EMP0590,36,15,HR,No,5,66118,11,2,No
EMP0591,40,16,Finance,No,3,89984,1,2,Yes
EMP0592,44,10,Finance,Yes,2,69220,2,5,No
EMP0593,34,1,Marketing,No,5,28689,29,2,Yes
EMP0594,37,2,Sales,No,3,39427,14,3,No
EMP0595,39,5,Marketing,No,1,53705,3,0,No
EMP0596,37,2,Marketing,No,4,30322,3,3,Yes
EMP0597,30,4,Sales,Yes,4,23904,28,6,No
EMP0598,39,10,IT,No,1,68836,16,4,No
EMP0599,43,12,Sales,No,3,84536,10,6,No
EMP0600,48,14,Finance,No,4,59023,3,4,No
EMP0601,46,19,HR,No,4,105396,34,3,No
EMP0602,48,15,IT,No,4,80126,24,6,No
EMP0603,33,9,Marketing,No,1,62803,28,6,No
EMP0604,33,7,HR,Yes,2,58378,22,0,Yes
EMP0605,51,18,IT,No,4,75050,26,1,No
EMP0606,34,0,Finance,No,4,26523,9,6,No
EMP0607,37,15,Sales,No,4,89294,14,4,No
EMP0608,49,11,Sales,No,3,79742,23,1,No
EMP0609,45,10,Sales,No,5,69515,21,5,No
EMP0610,30,3,Sales,Yes,1,22612,7,0,Yes
EMP0611,37,5,Marketing,No,2,43482,6,4,No
EMP0612,31,6,HR,Yes,3,41644,5,4,No
EMP0613,23,0,IT,No,5,23791,30,0,No
EMP0614,42,11,Sales,No,1,75997,13,1,No
EMP0615,48,11,IT,Yes,3,45857,29,5,No
EMP0616,44,8,Sales,No,3,58114,7,4,No
EMP0617,40,18,Finance,Yes,2,93199,9,0,No
EMP0618,40,9,Sales,Yes,2,43749,17,3,Yes
EMP0619,23,1,Finance,Yes,3,40189,33,2,Yes
EMP0620,39,1,IT,No,1,20000,20,6,Yes
EMP0621,35,7,HR,No,3,48767,15,4,No
EMP0622,40,3,IT,No,1,20000,17,5,No
EMP0623,48,18,IT,Yes,4,101309,5,1,No
EMP0624,50,17,Sales,Yes,1,80831,19,3,Yes
EMP0625,41,20,Marketing,No,1,91229,27,5,No
EMP0626,43,10,Finance,No,4,76622,30,4,No
EMP0627,41,10,IT,No,4,35729,31,1,No
EMP0628,42,18,IT,Yes,5,98303,35,0,No
EMP0629,42,13,IT,No,2,82553,3,0,No
EMP0630,45,18,HR,Yes,2,63808,3,3,Yes
EMP0631,25,4,Marketing,Yes,2,40601,2,0,Yes
EMP0632,39,4,HR,No,3,32821,22,5,Yes
EMP0633,34,1,Finance,No,5,20000,2,2,No
EMP0634,36,8,Sales,No,5,36236,1,3,No
EMP0635,42,16,Finance,Yes,5,89371,27,2,No
EMP0636,36,11,Sales,No,2,76762,19,2,No
EMP0637,45,11,Finance,Yes,5,49066,26,2,No
EMP0638,24,2,IT,No,4,20000,15,1,No
EMP0639,32,2,Finance,No,5,40181,30,6,No
EMP0640,26,1,IT,No,4,55913,1,3,No
EMP0641,29,7,Sales,No,4,29398,19,4,No
EMP0642,48,17,IT,Yes,3,66544,33,5,No
EMP0643,41,15,Sales,Yes,5,63825,9,4,No
EMP0644,54,17,IT,No,5,71212,14,4,No
EMP0645,39,6,HR,Yes,4,58790,1,3,No
EMP0646,36,8,HR,No,1,39334,18,0,No
EMP0647,58,20,IT,Yes,2,122362,30,1,No
EMP0648,49,14,Finance,Yes,1,79118,27,2,No
EMP0649,43,14,HR,No,5,85953,15,3,No
EMP0650,33,10,Marketing,No,5,66777,21,2,No
